{
    "$schema": "https://schema.management.azure.com/schemas/2019-04-01/deploymentTemplate.json#",
    "contentVersion": "1.0.0.0",
    "parameters": {
        "loadBalancers_cotiss_scale_set_lb_name": {
            "defaultValue": "cotiss-scale-set-lb",
            "type": "String"
        },
        "publicIPAddresses_cotiss_scale_set_ip_externalid": {
            "defaultValue": "/subscriptions/32c611dd-f2a6-4ceb-b69c-580b687754c3/resourceGroups/cotiss-website/providers/Microsoft.Network/publicIPAddresses/cotiss-scale-set-ip",
            "type": "String"
        }
    },
    "variables": {},
    "resources": [
        {
            "type": "Microsoft.Network/loadBalancers/backendAddressPools",
            "apiVersion": "2022-05-01",
            "name": "[concat(parameters('loadBalancers_cotiss_scale_set_lb_name'), '/bepool')]",
            "dependsOn": [
                "[resourceId('Microsoft.Network/loadBalancers', parameters('loadBalancers_cotiss_scale_set_lb_name'))]"
            ],
            "properties": {
                "loadBalancerBackendAddresses": [
                    {
                        "name": "5ef29f7a-73f1-4711-a1d1-6325905d33df",
                        "properties": {}
                    },
                    {
                        "name": "4d19523a-5092-4d9c-9079-ec119b93306b",
                        "properties": {}
                    }
                ]
            }
        },
        {
            "type": "Microsoft.Network/loadBalancers/inboundNatRules",
            "apiVersion": "2022-05-01",
            "name": "[concat(parameters('loadBalancers_cotiss_scale_set_lb_name'), '/natpool.0')]",
            "dependsOn": [
                "[resourceId('Microsoft.Network/loadBalancers', parameters('loadBalancers_cotiss_scale_set_lb_name'))]"
            ],
            "properties": {
                "frontendIPConfiguration": {
                    "id": "[concat(resourceId('Microsoft.Network/loadBalancers', parameters('loadBalancers_cotiss_scale_set_lb_name')), '/frontendIPConfigurations/LoadBalancerFrontEnd')]"
                },
                "frontendPort": 50000,
                "backendPort": 22,
                "enableFloatingIP": false,
                "idleTimeoutInMinutes": 4,
                "protocol": "Tcp",
                "enableTcpReset": false
            }
        },
        {
            "type": "Microsoft.Network/loadBalancers/inboundNatRules",
            "apiVersion": "2022-05-01",
            "name": "[concat(parameters('loadBalancers_cotiss_scale_set_lb_name'), '/natpool.1')]",
            "dependsOn": [
                "[resourceId('Microsoft.Network/loadBalancers', parameters('loadBalancers_cotiss_scale_set_lb_name'))]"
            ],
            "properties": {
                "frontendIPConfiguration": {
                    "id": "[concat(resourceId('Microsoft.Network/loadBalancers', parameters('loadBalancers_cotiss_scale_set_lb_name')), '/frontendIPConfigurations/LoadBalancerFrontEnd')]"
                },
                "frontendPort": 50001,
                "backendPort": 22,
                "enableFloatingIP": false,
                "idleTimeoutInMinutes": 4,
                "protocol": "Tcp",
                "enableTcpReset": false
            }
        },
        {
            "type": "Microsoft.Network/loadBalancers",
            "apiVersion": "2022-05-01",
            "name": "[parameters('loadBalancers_cotiss_scale_set_lb_name')]",
            "location": "eastus",
            "dependsOn": [
                "[resourceId('Microsoft.Network/loadBalancers/backendAddressPools', parameters('loadBalancers_cotiss_scale_set_lb_name'), 'bepool')]",
                "[resourceId('Microsoft.Network/loadBalancers/inboundNatRules', parameters('loadBalancers_cotiss_scale_set_lb_name'), 'natpool.0')]",
                "[resourceId('Microsoft.Network/loadBalancers/inboundNatRules', parameters('loadBalancers_cotiss_scale_set_lb_name'), 'natpool.1')]"
            ],
            "sku": {
                "name": "Standard",
                "tier": "Regional"
            },
            "properties": {
                "frontendIPConfigurations": [
                    {
                        "name": "LoadBalancerFrontEnd",
                        "id": "[concat(resourceId('Microsoft.Network/loadBalancers', parameters('loadBalancers_cotiss_scale_set_lb_name')), '/frontendIPConfigurations/LoadBalancerFrontEnd')]",
                        "properties": {
                            "privateIPAllocationMethod": "Dynamic",
                            "publicIPAddress": {
                                "id": "[parameters('publicIPAddresses_cotiss_scale_set_ip_externalid')]"
                            }
                        }
                    }
                ],
                "backendAddressPools": [
                    {
                        "name": "bepool",
                        "id": "[resourceId('Microsoft.Network/loadBalancers/backendAddressPools', parameters('loadBalancers_cotiss_scale_set_lb_name'), 'bepool')]",
                        "properties": {
                            "loadBalancerBackendAddresses": [
                                {
                                    "name": "5ef29f7a-73f1-4711-a1d1-6325905d33df",
                                    "properties": {}
                                },
                                {
                                    "name": "4d19523a-5092-4d9c-9079-ec119b93306b",
                                    "properties": {}
                                }
                            ]
                        }
                    }
                ],
                "loadBalancingRules": [
                    {
                        "name": "LBRule",
                        "id": "[concat(resourceId('Microsoft.Network/loadBalancers', parameters('loadBalancers_cotiss_scale_set_lb_name')), '/loadBalancingRules/LBRule')]",
                        "properties": {
                            "frontendIPConfiguration": {
                                "id": "[concat(resourceId('Microsoft.Network/loadBalancers', parameters('loadBalancers_cotiss_scale_set_lb_name')), '/frontendIPConfigurations/LoadBalancerFrontEnd')]"
                            },
                            "frontendPort": 80,
                            "backendPort": 80,
                            "enableFloatingIP": false,
                            "idleTimeoutInMinutes": 5,
                            "protocol": "Tcp",
                            "enableTcpReset": false,
                            "loadDistribution": "Default",
                            "disableOutboundSnat": false,
                            "backendAddressPool": {
                                "id": "[resourceId('Microsoft.Network/loadBalancers/backendAddressPools', parameters('loadBalancers_cotiss_scale_set_lb_name'), 'bepool')]"
                            },
                            "backendAddressPools": [
                                {
                                    "id": "[resourceId('Microsoft.Network/loadBalancers/backendAddressPools', parameters('loadBalancers_cotiss_scale_set_lb_name'), 'bepool')]"
                                }
                            ],
                            "probe": {
                                "id": "[concat(resourceId('Microsoft.Network/loadBalancers', parameters('loadBalancers_cotiss_scale_set_lb_name')), '/probes/tcpProbe')]"
                            }
                        }
                    }
                ],
                "probes": [
                    {
                        "name": "tcpProbe",
                        "id": "[concat(resourceId('Microsoft.Network/loadBalancers', parameters('loadBalancers_cotiss_scale_set_lb_name')), '/probes/tcpProbe')]",
                        "properties": {
                            "protocol": "Tcp",
                            "port": 80,
                            "intervalInSeconds": 5,
                            "numberOfProbes": 2,
                            "probeThreshold": 1
                        }
                    }
                ],
                "inboundNatRules": [
                    {
                        "name": "natpool.0",
                        "id": "[resourceId('Microsoft.Network/loadBalancers/inboundNatRules', parameters('loadBalancers_cotiss_scale_set_lb_name'), 'natpool.0')]",
                        "properties": {
                            "frontendIPConfiguration": {
                                "id": "[concat(resourceId('Microsoft.Network/loadBalancers', parameters('loadBalancers_cotiss_scale_set_lb_name')), '/frontendIPConfigurations/LoadBalancerFrontEnd')]"
                            },
                            "frontendPort": 50000,
                            "backendPort": 22,
                            "enableFloatingIP": false,
                            "idleTimeoutInMinutes": 4,
                            "protocol": "Tcp",
                            "enableTcpReset": false
                        }
                    },
                    {
                        "name": "natpool.1",
                        "id": "[resourceId('Microsoft.Network/loadBalancers/inboundNatRules', parameters('loadBalancers_cotiss_scale_set_lb_name'), 'natpool.1')]",
                        "properties": {
                            "frontendIPConfiguration": {
                                "id": "[concat(resourceId('Microsoft.Network/loadBalancers', parameters('loadBalancers_cotiss_scale_set_lb_name')), '/frontendIPConfigurations/LoadBalancerFrontEnd')]"
                            },
                            "frontendPort": 50001,
                            "backendPort": 22,
                            "enableFloatingIP": false,
                            "idleTimeoutInMinutes": 4,
                            "protocol": "Tcp",
                            "enableTcpReset": false
                        }
                    }
                ],
                "outboundRules": [],
                "inboundNatPools": [
                    {
                        "name": "natpool",
                        "id": "[concat(resourceId('Microsoft.Network/loadBalancers', parameters('loadBalancers_cotiss_scale_set_lb_name')), '/inboundNatPools/natpool')]",
                        "properties": {
                            "frontendPortRangeStart": 50000,
                            "frontendPortRangeEnd": 50119,
                            "backendPort": 22,
                            "protocol": "Tcp",
                            "idleTimeoutInMinutes": 4,
                            "enableFloatingIP": false,
                            "enableTcpReset": false,
                            "frontendIPConfiguration": {
                                "id": "[concat(resourceId('Microsoft.Network/loadBalancers', parameters('loadBalancers_cotiss_scale_set_lb_name')), '/frontendIPConfigurations/LoadBalancerFrontEnd')]"
                            }
                        }
                    }
                ]
            }
        }
    ]
}