{
    "$schema": "https://schema.management.azure.com/schemas/2015-01-01/deploymentParameters.json#",
    "contentVersion": "1.0.0.0",
    "parameters": {
        "galleries_mygallery_name": {
            "value": null
        },
        "virtualMachines_base_name": {
            "value": null
        },
        "sshPublicKeys_coti_key_name": {
            "value": null
        },
        "networkInterfaces_baseVMNic_name": {
            "value": null
        },
        "publicIPAddresses_cotiss_IP_name": {
            "value": null
        },
        "networkSecurityGroups_baseNSG_name": {
            "value": null
        },
        "sshPublicKeys_cotiss_scale_key_name": {
            "value": null
        },
        "networkInterfaces_base_vmVMNic_name": {
            "value": null
        },
        "publicIPAddresses_basePublicIP_name": {
            "value": null
        },
        "virtualNetworks_dev_web_01VNET_name": {
            "value": null
        },
        "networkSecurityGroups_base_vmNSG_name": {
            "value": null
        },
        "networkSecurityGroups_cotiss_nsg_name": {
            "value": null
        },
        "sshPublicKeys_cotiss_scaleset_key_name": {
            "value": null
        },
        "loadBalancers_cotiss_scale_set_lb_name": {
            "value": null
        },
        "networkInterfaces_dev_web_01VMNic_name": {
            "value": null
        },
        "networkInterfaces_dev_web_02VMNic_name": {
            "value": null
        },
        "publicIPAddresses_base_vmPublicIP_name": {
            "value": null
        },
        "sshPublicKeys_cotiss_scale_set_key_name": {
            "value": null
        },
        "networkSecurityGroups_dev_web_01NSG_name": {
            "value": null
        },
        "networkSecurityGroups_dev_web_02NSG_name": {
            "value": null
        },
        "publicIPAddresses_cotiss_scaleset_ip_name": {
            "value": null
        },
        "publicIPAddresses_dev_web_01PublicIP_name": {
            "value": null
        },
        "publicIPAddresses_dev_web_02PublicIP_name": {
            "value": null
        },
        "virtualNetworks_cotisswebsitevnet364_name": {
            "value": null
        },
        "publicIPAddresses_cotiss_scale_set_ip_name": {
            "value": null
        },
        "virtualMachineScaleSets_cotiss_scale_set_name": {
            "value": null
        },
        "networkSecurityGroups_cotiss_scalesetNSG_name": {
            "value": null
        },
        "autoscalesettings_cotiss_scalesetautoscale_name": {
            "value": null
        },
        "publicIPAddresses_cotiss_scalesetLBPublicIP_name": {
            "value": null
        },
        "autoscalesettings_cotiss_scale_setautoscale_name": {
            "value": null
        },
        "databaseAccounts_msdocs_account_cosmos_harry_name": {
            "value": null
        },
        "networkSecurityGroups_basicNsgcotiss_vnet_nic01_name": {
            "value": null
        },
        "networkSecurityGroups_basicNsgcotiss_website_vnet_nic01_name": {
            "value": null
        },
        "networkSecurityGroups_basicNsgcotisswebsitevnet364_nic01_name": {
            "value": null
        },
        "disks_cotiss_scale_set_cotiss_scale_set_0_OsDisk_1_4e3e04face4c4d7c9bb315aa5df49eb2_externalid": {
            "value": null
        },
        "disks_cotiss_scale_set_cotiss_scale_set_1_OsDisk_2_7db1b14f4e5846bbbac2a64ba46db963_externalid": {
            "value": null
        },
        "virtualMachineScaleSets_cotiss_scaleset_externalid": {
            "value": null
        }
    }
}